{
  "factor_impacts": {
    "smoking": {
      "worst": -12.875,
      "best": -4.175,
      "range": 8.7
    },
    "exercise": {
      "worst": -11.475,
      "best": -5.075,
      "range": 6.3999999999999995
    },
    "diet": {
      "worst": -11.1,
      "best": -5.1,
      "range": 6.0
    },
    "alcohol": {
      "worst": -11.7,
      "best": -6.4,
      "range": 5.299999999999999
    },
    "sleep": {
      "worst": -10.0,
      "best": -6.5,
      "range": 3.5
    },
    "stress": {
      "worst": -11.05,
      "best": -5.75,
      "range": 5.300000000000001
    },
    "social_connections": {
      "worst": -10.65,
      "best": -5.65,
      "range": 5.0
    }
  },
  "age_analysis": {
    "adjusted_life_expectancy_mean": {
      "20-24": 49.9,
      "25-29": 45.1,
      "30-34": 40.3,
      "35-39": 35.5,
      "40-44": 30.7,
      "45-49": 25.9,
      "50-54": 21.1,
      "55-59": 16.3,
      "60-64": 11.6,
      "65-69": 7.1
    },
    "adjusted_life_expectancy_min": {
      "20-24": 29.0,
      "25-29": 24.2,
      "30-34": 19.4,
      "35-39": 14.6,
      "40-44": 9.8,
      "45-49": 5.0,
      "50-54": 0.2,
      "55-59": 0.0,
      "60-64": 0.0,
      "65-69": 0.0
    },
    "adjusted_life_expectancy_max": {
      "20-24": 69.2,
      "25-29": 64.4,
      "30-34": 59.6,
      "35-39": 54.8,
      "40-44": 50.0,
      "45-49": 45.2,
      "50-54": 40.4,
      "55-59": 35.6,
      "60-64": 30.8,
      "65-69": 26.0
    },
    "years_lost_mean": {
      "20-24": 8.5,
      "25-29": 8.5,
      "30-34": 8.5,
      "35-39": 8.5,
      "40-44": 8.5,
      "45-49": 8.5,
      "50-54": 8.5,
      "55-59": 8.5,
      "60-64": 8.5,
      "65-69": 8.5
    },
    "risk_score_mean": {
      "20-24": 66.5,
      "25-29": 66.5,
      "30-34": 66.5,
      "35-39": 66.5,
      "40-44": 66.5,
      "45-49": 66.5,
      "50-54": 66.5,
      "55-59": 66.5,
      "60-64": 66.5,
      "65-69": 66.5
    }
  },
  "total_combinations": 163840,
  "max_years_lost": 29.200000000000003,
  "max_years_gained": 11.0
}